company,job_title,link,date_posted
Motorola,Android Platform Software Engineering Intern,https://motorolasolutions.wd5.myworkdayjobs.com/Careers/job/Schaumburg-IL/Android-Platform-Software-Engineering-Intern---Summer-2025_R48957,Jul 31
Johnson & Johnson,Technology Intern ,https://jobs.jnj.com/en/jobs/2406199309w/technology-intern-2025-summer-jjt-intern/,Jul 31
Deloitte,Risk & Financial Advisory Intern ,https://apply.deloitte.com/careers/JobDetail/Deloitte-Risk-Financial-Advisory-Intern-Analytics-Business-Summer-2025/190513,Jul 31
Notion,Software Engineer Intern ,https://app.ripplematch.com/v2/public/company/notion,Jul 30
Virtu Financial,Software Developer Intern,https://job-boards.greenhouse.io/virtu/jobs/7520504002,Jul 30
New York Life Insurance,Technology Intern,https://jobs.newyorklife.com/job/New-York-2025-Technology-Summer-Internship-Program-Technology-Engineer-NY-10001/1191700600/,Jul 30
TikTok,Machine Learning Engineer Intern,https://careers.tiktok.com/position/7397250703767193882/detail,Jul 30
TikTok,Research Scientist Intern - AI Innovation Center - PHD ,https://careers.tiktok.com/position/7391920167514638643/detail,Jul 20
TikTok,Mobile Software Engineer Intern - User Relation,https://careers.tiktok.com/position/7390530196414613811/detail,Jul 17
TikTok,Machine Learning Engineer Intern - AI Innovation Center - PHD ,https://careers.tiktok.com/position/7391930642331830578/detail,Jul 17
TikTok,Software Engineer Intern - Anti Automated Solutions,https://careers.tiktok.com/position/7390487764133234994/detail,Jul 16
TikTok,Mobile Software Engineer Intern - Video on Demand,https://careers.tiktok.com/position/7391925058660305162/detail,Jul 16
TikTok,Mobile Software Engineer Intern - Multimedia Client,https://careers.tiktok.com/position/7391921273113266441/detail,Jul 16
TikTok,Backend Software Engineer Intern - Server Architecture,https://careers.tiktok.com/position/7391922935051733275/detail,Jul 16
ByteDance,Software Engineer Intern,https://jobs.bytedance.com/en/position/7397429810932779314/detail,Jul 30
ByteDance,Software Engineer Intern - Masters,https://jobs.bytedance.com/en/position/7377867452682078490/detail,Jul 02
ByteDance,Software Engineering Intern - Masters,https://jobs.bytedance.com/en/position/detail/7377863209077917979,Jun 12
Intuitive Surgical,Systems Analyst Research Intern,https://careers.intuitive.com/en/jobs/744000003494761/JOB8770/systems-analyst-research-intern,Jul 30
CCI,Data Science Machine Learning Intern,https://osv-cci.wd1.myworkdayjobs.com/en-US/CCICareers/job/Stamford-CT/Data-Science-Machine-Learning-Internship--Summer-2025-_R855,Jul 25
CCI,GenAI Intern,https://osv-cci.wd1.myworkdayjobs.com/en-US/CCICareers/job/Houston-TX/GenAI-Internship--Summer-2025-_R862,Jul 25
Quantiq Partners,Software Developer Internship,https://quantiqpartners.zohorecruit.com/forms/1965216ed406321a2f6e355156f0e94ea7405c37b4ef00a027ca731b06e9be8d,Jul 24
IXL,Software Engineering Intern ,https://www.ixl.com/company/careers?gh_jid=7535493002,Jul 23
Databento,Software Engineer Intern,https://boards.greenhouse.io/databento/jobs/4374815,Jul 19
Wells Fargo,Software Engineering Intern ,https://www.wellsfargojobs.com/en/jobs/r-385829/2025-technology-summer-internship-early-careers-software-or-data-engineer/,Jul 17
Akuna Capital,Software Engineer Intern - C++,https://akunacapital.com/job-details?gh_jid=6080090,Jul 16
Akuna Capital,Software Engineer Intern - Data Engineering,https://akunacapital.com/job-details?gh_jid=6069872,Jul 16
Akuna Capital,Software Engineer Intern - Python,https://akunacapital.com/job-details?gh_jid=6037985,Jul 16
Akuna Capital,Quantitative Development Intern ,https://akunacapital.com/job-details?gh_jid=5744527,Jul 16
Akuna Capital,Quantitative Trader Intern ,https://akunacapital.com/job-details?gh_jid=6075208,Jul 16
Akuna Capital,Quantitative Strategist Intern ,https://akunacapital.com/job-details?gh_jid=5744549,Jul 16
Akuna Capital,Quantitative Research Intern ,https://akunacapital.com/job-details?gh_jid=5744541,Jul 16
Two Sigma,Quantitative Research Intern,https://careers.twosigma.com/careers/JobDetail/New-York-New-York-United-States-Quantitative-Researcher-Internship-2025-Summer/12685,Jul 16
Jane Street,R&D Intern - Tools and Compilers - MS/PHD,https://www.janestreet.com/join-jane-street/position/5869205002/,Jul 16
Jane Street,Software Engineer Intern,https://www.janestreet.com/join-jane-street/position/7527332002/,Jul 16
IMC,Quantitative Trader Intern,https://boards.eu.greenhouse.io/imc/jobs/4345621101,Jul 16
IMC,Quantitative Research Intern,https://boards.eu.greenhouse.io/imc/jobs/4347767101,Jul 16
IMC,Software Engineer Intern,https://boards.greenhouse.io/imc/jobs/4347765101,Jul 14
Axiom Space,Software Engineer Intern ðŸ‡ºðŸ‡¸,https://axiomspace.bamboohr.com/careers/939,Jul 16
Tower Research Capital,Quantitative Trader Intern,https://www.tower-research.com/open-positions/?gh_jid=6072039,Jul 10
DRW,Quantitative Research Intern,https://drw.com/work-at-drw/listings/quantitative-research-intern-2907309,Jul 08
DRW,User-Interface (UI) Engineer Intern,https://drw.com/work-at-drw/listings/user-interface-ui-engineer-intern-2909233,Jul 08
DRW,Software Developer Intern,https://drw.com/work-at-drw/listings/software-developer-intern-2909276,Jul 08
PDT Partners,Software Engineering Intern,https://boards.greenhouse.io/pdtpartners/jobs/4423823,Jul 08
Capula,Trading and Research Summer Intern,https://apply.workable.com/capula-investment-management-ltd/j/CADD57CDA5/,Jul 04
Stevens Capital Management,Quantitative Research Analyst Intern ,https://www.scm-lp.com/join?position=721895,Jul 04
Stevens Capital Management,Developer Intern ,https://www.scm-lp.com/join?position=721888,Jul 04
Citadel,Quantitative Research Intern,https://www.citadel.com/careers/details/quantitative-research-analyst-2025-intern-us/,Jul 02
Citadel,Investment & Trading Intern,https://www.citadel.com/careers/details/investment-trading-2025-intern-us/,Jul 02
Citadel,Software Engineer Intern,https://www.citadel.com/careers/details/software-engineer-2025-intern-us-2/,Jul 02
Citadel Securities,Quantitative Trader Intern,https://www.citadelsecurities.com/careers/details/quantitative-trading-2025-intern-us/,Jul 02
Citadel Securities,Quantitative Research Intern,https://www.citadelsecurities.com/careers/details/quantitative-research-analyst-2025-intern-us-2/,Jul 02
Citadel Securities,Software Engineer Intern,https://www.citadelsecurities.com/careers/details/software-engineer-2025-intern-us/,Jul 01
Palantir,Software Engineer Intern,https://jobs.lever.co/palantir/e27af7ab-41fc-40c9-b31d-02c6cb1c505c,Jul 01
Palantir,Forward Deployed Software Engineer Intern,https://jobs.lever.co/palantir/c8d45e31-cf15-411e-b085-87d52f602d3c,Jul 01
Palantir,Forward Deployed Software Engineer Intern - US Government,https://jobs.lever.co/palantir/e0010393-c300-446f-bf67-fa2ef067f16f,Jul 01
J. P. Morgan,Data Science Intern ,https://jpmc.fa.oraclecloud.com/hcmUI/CandidateExperience/en/sites/CX_1001/job/210531712,Jul 01
J. P. Morgan,AI/ML Engineer Intern (MS PHD) ,https://jpmc.fa.oraclecloud.com/hcmUI/CandidateExperience/en/sites/CX_1001/job/210530348,Jul 01
J. P. Morgan,Systematic Trading Analyst Intern ,https://jpmc.fa.oraclecloud.com/hcmUI/CandidateExperience/en/sites/CX_1001/job/210531228,Jul 01
Optiver,Software Engineering Intern,https://optiver.com/working-at-optiver/career-opportunities/7498434002/,Jul 01
Optiver,Software Engineer Intern,https://optiver.com/working-at-optiver/career-opportunities/7325586002/,Jul 01
Caterpillar,Engineering Internship,https://careers.caterpillar.com/en/jobs/job/r0000262765-2025-summer-corporate-intern-engineering/,Jul 01
Morgan Stanley,2025 Technology Summer Analyst Program (New York),https://morganstanley.tal.net/vx/lang-en-GB/mobile-0/brand-2/xf-53fdfbaf0394/candidate/so/pm/1/pl/1/opp/17297-2025-Technology-Summer-Analyst-Program-New-York/en-GB,Jun 27
Apple,Hardware Technology Intern,https://jobs.apple.com/en-us/details/200554360/hardware-technology-internships?team=STDNT,Jun 26
Apple,Machine Learning / AI Intern,https://jobs.apple.com/en-us/details/200554363/machine-learning-ai-internships,Jun 23
Apple,Software Engineer Intern,https://jobs.apple.com/en-us/details/200554359/software-engineering-internships?team=STDNT,Jun 08
Alpha FMC,Technology Intern,https://boards.greenhouse.io/alphaawmnaearlycareers/jobs/7482769002,Jun 23
Transmarket Group,Algorithmic Trading Intern,https://job-boards.greenhouse.io/transmarketgroup/jobs/4389321007?gh_src=Simplify,Jun 18
Capstone Investment Advisors,Software Engineer Intern,https://boards.greenhouse.io/capstoneinvestmentadvisors/jobs/7470795002,Jun 05
Capstone Investment Advisors,Quantitative Risk Intern,https://boards.greenhouse.io/capstoneinvestmentadvisors/jobs/7470813002,Jun 05
BILL,Machine Learning Engineer Intern,https://www.untapped.io/app/discover/jobs/a/a/5f31e1fa-7d65-465f-97e4-2cb7a1506ae7,Jun 03
BILL,Software Engineer Intern,https://www.untapped.io/app/discover/jobs/a/a/5d83f2cf-2ce7-4d1e-a6e8-e5383bee812e,Jun 03
Bank of America,Global Quantitative Analytics Summer 2025 Analyst,https://bankcampuscareers.tal.net/vx/mobile-0/brand-4/candidate/so/pm/1/pl/1/opp/11660-Global-Quantitative-Analytics-Summer-2025-Analyst/en-GB,Jun 02
Bank of America,Technology Summer Analyst Intern,https://bankcampuscareers.tal.net/vx/brand-0/candidate/so/pm/1/pl/1/opp/11482-Global-Technology-Summer-Analyst-Program-2025/en-GB,Jun 01
D. E. Shaw,Software Developer Intern,https://www.deshaw.com/careers/software-developer-intern-new-york-summer-2025-5137,May 29
D. E. Shaw,Proprietary Trading Intern,https://www.deshaw.com/careers/proprietary-trading-intern-new-york-summer-2025-4987,May 22
D. E. Shaw,Fundamental Research Analyst Intern,https://www.deshaw.com/careers/fundamental-research-analyst-intern-new-york-summer-2025-4988?utm_campaign=summer_2025_repo,May 21
Ventas Inc,Software Engineer Intern ,https://ventas.wd1.myworkdayjobs.com/en-US/ventas_careers/job/Intern--Software-Engineering--Summer-2025-_R0001113,May 26
Radix Trading,Quantitative Technologist (C++ Intern),https://boards.greenhouse.io/radixuniversity/jobs/7463231002,May 25
Konrad,Software Developer Intern - May 2025 (4 months),https://www.konrad.com/careers/job/5997801003?gh_jid=5997801003,May 25
SIG,Quantitative Trader Intern,https://careers.sig.com/job/8326/Quantitative-Trader-Internship-Summer-2025,May 24
SIG,Quantitative Systematic Trading Intern,https://careers.sig.com/job/8255/Quantitative-Systematic-Trading-Intern-Summer-2025,May 08
SIG,Quantitative Research Intern,https://careers.sig.com/job/8253/Quantitative-Research-Intern-Summer-2025,May 07
SIG,Software Engineering Intern,https://careers.sig.com/job/8218/Software-Engineering-Intern-Summer-2025?utm_campaign=google_jobs_apply,May 01
Cranium,AI/ML Engineer Intern,https://www.linkedin.com/jobs/view/ai-ml-engineer-intern-summer-2025-at-cranium-3925803158/,May 14
Epic,Software Engineer Intern ,https://epic.avature.net/Careers/FolderDetail/Verona-Wisconsin-United-States-Software-Developer-Intern-Summer-2025/25624,May 03
BNP Paribas,Summer Analyst Internship - Technology,https://group.bnpparibas/en/careers/job-offer/2025-summer-analyst-internship-technology,May 02
Point72,Quantitative Developer Intern,https://careers.point72.com/CSJobDetail?jobName=summer-2025-quantitative-developer-internship&jobCode=CSS-0012293,May 01
Global Atlantic,Technology Intern ,https://boards.greenhouse.io/gainternships/jobs/5594014,May 01
Blackrock,Summer Internship,https://blackrock.tal.net/vx/lang-en-GB/mobile-0/brand-3/xf-1aa1a96c5ba3/candidate/so/pm/1/pl/1/opp/8163-2025-Summer-Internship-Program-AMERS/en-GB,May 01
Motorola,Android Platform Software Engineering Intern - Summer 2025,https://motorolasolutions.wd5.myworkdayjobs.com/Careers/job/Schaumburg-IL/Android-Platform-Software-Engineering-Intern---Summer-2025_R48958?utm_source=Simplify&ref=Simplify,Jul 31
Codeium,Software Engineer Intern - Summer 2025,https://jobs.ashbyhq.com/codeium/fdd799a9-72a2-41d4-bf55-4f562b9403f2/application?utm_source=Simplify&ref=Simplify,Jul 31
Western Digital,Co-op â€“ Jan - Jul 2025 - Software Engineer - System Testing,https://jobs.smartrecruiters.com/WesternDigital/744000003629105?utm_source=Simplify&ref=Simplify,Jul 30
Notion,Software Engineering Intern (Summer 2025),https://app.ripplematch.com/v2/public/job/46c48ab1/details?from_page=tracking_link&tl=1edfe69a&utm_source=Simplify&ref=Simplify,Jul 30
Notion,Software Engineer Intern Mobile (Summer 2025),https://app.ripplematch.com/v2/public/job/70fb2330/details?from_page=tracking_link&tl=1edfe69a&utm_source=Simplify&ref=Simplify,Jul 30
Leidos,Simulation Development Intern,https://leidos.wd5.myworkdayjobs.com/External/job/Orlando-FL/Simulation-Development-Intern_R-00140517?utm_source=Simplify&ref=Simplify,Jul 30
ByteDance,Software Engineer Intern (AI Platform),https://jobs.bytedance.com/en/position/7397256395883006258/detail?spread=BSPP2KS&utm_source=Simplify&ref=Simplify,Jul 30
Marshall Wace,Software Engineering Intern,https://www.mwam.com/technology-internship-programme/?utm_source=Simplify&ref=Simplify,Jul 29
L3Harris Technologies,Software Engineer Intern 1 ðŸ‡ºðŸ‡¸,https://careers.l3harris.com/job/-/-/4832/67443054544?src=SNS-10240&utm_source=Simplify&ref=Simplify,Jul 29
Bank of America,Global Technology Analyst Intern,https://campus.bankofamerica.com/careers/global_technology_summer_analyst_program__2025.html?utm_source=Simplify&ref=Simplify,Jul 29
Amazon,Program Manager Intern ,https://www.amazon.jobs/en/jobs/2713207/2025-program-manager-intern?utm_source=Simplify&ref=Simplify,Jul 29
Akuna Capital,Quantitative Research Intern - Summer 2025,https://www.akunacapital.com/job-details?gh_jid=5744541&utm_source=Simplify&ref=Simplify,Jul 29
Akuna Capital,Performance Engineer Intern - Summer 2025,https://www.akunacapital.com/job-details?gh_jid=5744699&utm_source=Simplify&ref=Simplify,Jul 15
Akuna Capital,Trader Intern - Summer 2025,https://www.akunacapital.com/job-details?gh_jid=6075208&utm_source=Simplify&ref=Simplify,Jul 15
Akuna Capital,Quantitative Development Internship - Summer 2025,https://www.akunacapital.com/job-details?gh_jid=5744527&utm_source=Simplify&ref=Simplify,Jul 15
Sensata,Software Engineer Intern - Summer 2025,https://sensata.wd1.myworkdayjobs.com/en-US/Sensata-Careers/job/Attleboro-Massachusetts/Software-Engineer-Intern---Summer-2025_IRC93689?utm_source=Simplify&ref=Simplify,Jul 26
T. Rowe Price,Software Engineering Intern ,https://troweprice.wd5.myworkdayjobs.com/en-US/TRowePrice/job/Owings-Mills-MD/XMLNAME-2025-Global-Technology---Software-Engineering-Internship-Program_72424?utm_source=Simplify&ref=Simplify,Jul 23
ATPCO,Systems Engineer Intern,https://jobs.smartrecruiters.com/ATPCO1/744000000717125?utm_source=Simplify&ref=Simplify,Jul 23
Antimetal,Engineering Intern,https://jobs.ashbyhq.com/antimetal/a9081c17-93b4-4db9-a1d2-0d608d53de0c/application?utm_source=Simplify&ref=Simplify,Jul 23
IXL Learning,Software Engineer Intern,https://www.ixl.com/company/careers?gh_jid=7535493002&utm_source=Simplify&ref=Simplify,Jul 21
Litmus,Solutions Intern,https://boards.greenhouse.io/litmus46/jobs/4435534005?utm_source=Simplify&ref=Simplify,Jul 19
IMC Trading,Software Engineer Intern - Summer 2025,https://boards.eu.greenhouse.io/imc/jobs/4347765101?utm_source=Simplify&ref=Simplify,Jul 15
IMC Trading,Quant Trader Intern - Summer 2025,https://boards.eu.greenhouse.io/imc/jobs/4345621101?utm_source=Simplify&ref=Simplify,Jul 15
GPTZero,Machine Learning Intern,https://jobs.ashbyhq.com/GPTZero/d7e6f3ee-8446-4ac4-b1f8-e79c9876c31a/application?utm_source=Simplify&ref=Simplify,Jul 11
BlackRock,2025 Summer Internship Program - AMERS,https://blackrock.tal.net/vx/lang-en-GB/mobile-0/brand-3/xf-42e764beb7f7/candidate/so/pm/1/pl/1/opp/8163-2025-Summer-Internship-Program-AMERS/en-GB?utm_source=Simplify&ref=Simplify,Jul 08
Optiver,Quantitative Research Intern - MS/BS,https://optiver.com/working-at-optiver/career-opportunities/7499032002/?gh_jid=7499032002&utm_source=Simplify&ref=Simplify,Jul 05
Optiver,Quantitative Trader Intern - Summer 2025 - Chicago,https://optiver.com/working-at-optiver/career-opportunities/7480659002/?gh_jid=7480659002&utm_source=Simplify&ref=Simplify,Jul 05
Air Company,Engineering Intern,https://boards.greenhouse.io/aircompany/jobs/4440209005?utm_source=Simplify&ref=Simplify,Jul 03
Numerade,Data Scientist Intern,http://www.numerade.com/careers?gh_jid=5221314004&utm_source=Simplify&ref=Simplify,Jul 02
Rivos,Silicon Formal Verification â€“ Intern,https://jobs.lever.co/rivosinc/53230c5e-cec1-4069-9771-1ce7b525d71c/apply?utm_source=Simplify&ref=Simplify,Jun 27
Bridgewater Associates,Investment Engineer Intern - Summer 2025,https://boards.greenhouse.io/bridgewater89/jobs/7239497002?utm_source=Simplify&ref=Simplify,Jun 06
D.E. Shaw,Software Developer Intern,https://www.deshaw.com/careers/software-developer-intern-new-york-summer-2025-5137?utm_source=Simplify&ref=Simplify,May 22
Motorola,Android Platform Software Engineering Intern - Summer 2025,<https://motorolasolutions.wd5.myworkdayjobs.com/Careers/job/Schaumburg-IL/Android-Platform-Software-Engineering-Intern---Summer-2025_R48957?utm_source=Simplify&ref=Simplify>,Jul 31
Motorola,Android Platform Software Engineering Intern - Summer 2025,<https://motorolasolutions.wd5.myworkdayjobs.com/Careers/job/Plantation-FL/Android-Platform-Software-Engineering-Intern---Summer-2025_R48956?utm_source=Simplify&ref=Simplify>,Jul 31
Motorola,Android Platform Software Engineering Intern - Summer 2025,<https://motorolasolutions.wd5.myworkdayjobs.com/Careers/job/Schaumburg-IL/Android-Platform-Software-Engineering-Intern---Summer-2025_R48958?utm_source=Simplify&ref=Simplify>,Jul 31
Codeium,Software Engineer Intern - Summer 2025,<https://jobs.ashbyhq.com/codeium/fdd799a9-72a2-41d4-bf55-4f562b9403f2/application?utm_source=Simplify&ref=Simplify>,Jul 31
Western Digital,Co-op â€“ Jan - Jul 2025 - Software Engineer - System Testing,<https://jobs.smartrecruiters.com/WesternDigital/744000003629105?utm_source=Simplify&ref=Simplify>,Jul 30
Notion,Software Engineering Intern (Summer 2025),<https://app.ripplematch.com/v2/public/job/46c48ab1/details?from_page=tracking_link&tl=1edfe69a&utm_source=Simplify&ref=Simplify>,Jul 30
Notion,Software Engineer Intern Mobile (Summer 2025),<https://app.ripplematch.com/v2/public/job/70fb2330/details?from_page=tracking_link&tl=1edfe69a&utm_source=Simplify&ref=Simplify>,Jul 30
Leidos,Simulation Development Intern,<https://leidos.wd5.myworkdayjobs.com/External/job/Orlando-FL/Simulation-Development-Intern_R-00140517?utm_source=Simplify&ref=Simplify>,Jul 30
ByteDance,Software Engineer Intern (AI Platform),<https://jobs.bytedance.com/en/position/7397256395883006258/detail?spread=BSPP2KS&utm_source=Simplify&ref=Simplify>,Jul 30
Virtu Financial,Internship - Developer,<https://job-boards.greenhouse.io/virtu/jobs/7520504002?utm_source=Simplify&ref=Simplify>,Jul 29
Marshall Wace,Software Engineering Intern,<https://www.mwam.com/technology-internship-programme/?utm_source=Simplify&ref=Simplify>,Jul 29
L3Harris Technologies,Software Engineer Intern 1 ðŸ‡ºðŸ‡¸,<https://careers.l3harris.com/job/-/-/4832/67443054544?src=SNS-10240&utm_source=Simplify&ref=Simplify>,Jul 29
Bank of America,Global Technology Analyst Intern,<https://campus.bankofamerica.com/careers/global_technology_summer_analyst_program__2025.html?utm_source=Simplify&ref=Simplify>,Jul 29
Amazon,Program Manager Intern ,<https://www.amazon.jobs/en/jobs/2713207/2025-program-manager-intern?utm_source=Simplify&ref=Simplify>,Jul 29
Akuna Capital,Quantitative Research Intern - Summer 2025,<https://www.akunacapital.com/job-details?gh_jid=5744541&utm_source=Simplify&ref=Simplify>,Jul 29
Sensata,Software Engineer Intern - Summer 2025,<https://sensata.wd1.myworkdayjobs.com/en-US/Sensata-Careers/job/Attleboro-Massachusetts/Software-Engineer-Intern---Summer-2025_IRC93689?utm_source=Simplify&ref=Simplify>,Jul 26
T. Rowe Price,Software Engineering Intern ,<https://troweprice.wd5.myworkdayjobs.com/en-US/TRowePrice/job/Owings-Mills-MD/XMLNAME-2025-Global-Technology---Software-Engineering-Internship-Program_72424?utm_source=Simplify&ref=Simplify>,Jul 23
ATPCO,Systems Engineer Intern,<https://jobs.smartrecruiters.com/ATPCO1/744000000717125?utm_source=Simplify&ref=Simplify>,Jul 23
Antimetal,Engineering Intern,<https://jobs.ashbyhq.com/antimetal/a9081c17-93b4-4db9-a1d2-0d608d53de0c/application?utm_source=Simplify&ref=Simplify>,Jul 23
IXL Learning,Software Engineer Intern,<https://www.ixl.com/company/careers?gh_jid=7535493002&utm_source=Simplify&ref=Simplify>,Jul 21
TikTok,Mobile Software Engineer Intern - User Relation,<https://careers.tiktok.com/position/7390530196414613811/detail?utm_source=Simplify&ref=Simplify>,Jul 19
Litmus,Solutions Intern,<https://boards.greenhouse.io/litmus46/jobs/4435534005?utm_source=Simplify&ref=Simplify>,Jul 19
Wells Fargo,Software Engineering Intern ,<https://www.wellsfargojobs.com/en/jobs/r-385829/2025-technology-summer-internship-early-careers-software-or-data-engineer/?utm_source=Simplify&ref=Simplify>,Jul 17
Jane Street,Software Engineer Internship,<https://www.janestreet.com/join-jane-street/position/7527332002/?utm_source=Simplify&ref=Simplify>,Jul 16
Akuna Capital,Software Engineer Intern - Python,<https://akunacapital.com/job-details?gh_jid=6037985&utm_source=Simplify&ref=Simplify>,Jul 16
Akuna Capital,Software Engineer Intern - Data Engineering,<https://akunacapital.com/job-details?gh_jid=6069872&utm_source=Simplify&ref=Simplify>,Jul 16
Akuna Capital,Software Engineer Intern - C++,<https://akunacapital.com/job-details?gh_jid=6080090&utm_source=Simplify&ref=Simplify>,Jul 16
IMC Trading,Software Engineer Intern - Summer 2025,<https://boards.eu.greenhouse.io/imc/jobs/4347765101?utm_source=Simplify&ref=Simplify>,Jul 15
IMC Trading,Quant Trader Intern - Summer 2025,<https://boards.eu.greenhouse.io/imc/jobs/4345621101?utm_source=Simplify&ref=Simplify>,Jul 15
Akuna Capital,Performance Engineer Intern - Summer 2025,<https://www.akunacapital.com/job-details?gh_jid=5744699&utm_source=Simplify&ref=Simplify>,Jul 15
Akuna Capital,Trader Intern - Summer 2025,<https://www.akunacapital.com/job-details?gh_jid=6075208&utm_source=Simplify&ref=Simplify>,Jul 15
Akuna Capital,Quantitative Development Internship - Summer 2025,<https://www.akunacapital.com/job-details?gh_jid=5744527&utm_source=Simplify&ref=Simplify>,Jul 15
GPTZero,Machine Learning Intern,<https://jobs.ashbyhq.com/GPTZero/d7e6f3ee-8446-4ac4-b1f8-e79c9876c31a/application?utm_source=Simplify&ref=Simplify>,Jul 11
Tower Research Capital,Quantitative Trader Intern - Summer 2025,<https://www.tower-research.com/open-positions/?gh_jid=6072039&utm_source=Simplify&ref=Simplify>,Jul 08
DRW,Software Developer Intern,<https://boards.greenhouse.io/drweng/jobs/6071742?utm_source=Simplify&ref=Simplify>,Jul 08
BlackRock,2025 Summer Internship Program - AMERS,<https://blackrock.tal.net/vx/lang-en-GB/mobile-0/brand-3/xf-42e764beb7f7/candidate/so/pm/1/pl/1/opp/8163-2025-Summer-Internship-Program-AMERS/en-GB?utm_source=Simplify&ref=Simplify>,Jul 08
Optiver,Quantitative Research Intern - MS/BS,<https://optiver.com/working-at-optiver/career-opportunities/7499032002/?gh_jid=7499032002&utm_source=Simplify&ref=Simplify>,Jul 05
Optiver,Quantitative Trader Intern - Summer 2025 - Chicago,<https://optiver.com/working-at-optiver/career-opportunities/7480659002/?gh_jid=7480659002&utm_source=Simplify&ref=Simplify>,Jul 05
Capula,Trading and Research Summer Internship,<https://apply.workable.com/capula-investment-management-ltd/j/CADD57CDA5/?utm_source=Simplify&ref=Simplify>,Jul 05
Air Company,Engineering Intern,<https://boards.greenhouse.io/aircompany/jobs/4440209005?utm_source=Simplify&ref=Simplify>,Jul 03
Numerade,Data Scientist Intern,<http://www.numerade.com/careers?gh_jid=5221314004&utm_source=Simplify&ref=Simplify>,Jul 02
Citadel,Software Engineer Intern,<https://www.citadel.com/careers/details/software-engineer-2025-intern-us-2/?utm_source=Simplify&ref=Simplify>,Jul 02
Palantir,Software Engineer Intern,<https://jobs.lever.co/palantir/bdcfb29f-4f27-42de-933f-7f83a359b9f0?utm_source=Simplify&ref=Simplify>,Jul 01
Palantir,Software Engineer Intern,<https://jobs.lever.co/palantir/2fb19022-bb65-4af8-b6fa-31beb345c140?utm_source=Simplify&ref=Simplify>,Jul 01
Palantir,Software Engineer Intern,<https://jobs.lever.co/palantir/7d69cf8a-06fd-4f05-bd84-27149db29c4d?utm_source=Simplify&ref=Simplify>,Jul 01
Palantir,Software Engineer Intern,<https://jobs.lever.co/palantir/e27af7ab-41fc-40c9-b31d-02c6cb1c505c?utm_source=Simplify&ref=Simplify>,Jul 01
Rivos,Silicon Formal Verification â€“ Intern,<https://jobs.lever.co/rivosinc/53230c5e-cec1-4069-9771-1ce7b525d71c/apply?utm_source=Simplify&ref=Simplify>,Jun 27
Morgan Stanley,Technology Summer Analyst Program,<https://morganstanley.tal.net/vx/lang-en-GB/mobile-0/brand-2/xf-53fdfbaf0394/candidate/so/pm/1/pl/1/opp/17297-2025-Technology-Summer-Analyst-Program-New-York/en-GB?utm_source=Simplify&ref=Simplify>,Jun 27
Konrad,Software Developer Intern,<https://www.konrad.com/careers/job/5997801003?gh_jid=5997801003&utm_source=Simplify&ref=Simplify>,Jun 24
Apple,Machine Learning Intern,<https://jobs.apple.com/en-us/details/200554363/machine-learning-ai-internships?utm_source=Simplify&ref=Simplify>,Jun 24
Point72,Quantitative Developer Intern,<https://careers.point72.com/CSJobDetail?jobName=summer-2025-quantitative-developer-internship&jobCode=CSS-0012293&utm_source=Simplify&ref=Simplify>,Jun 18
Radix Trading,Quantitative Technologist â€“ C++ Intern - Summer 2025,<https://boards.greenhouse.io/radixuniversity/jobs/7463231002?utm_source=Simplify&ref=Simplify>,Jun 08
Apple,Software Engineering Internship,<https://jobs.apple.com/en-us/details/200554359/software-engineering-internships?team=STDNT&utm_source=Simplify&ref=Simplify>,Jun 07
Bridgewater Associates,Investment Engineer Intern - Summer 2025,<https://boards.greenhouse.io/bridgewater89/jobs/7239497002?utm_source=Simplify&ref=Simplify>,Jun 06
SIG,Quantitative Trader Intern,<https://careers.sig.com/job/8326/Quantitative-Trader-Internship-Summer-2025?utm_source=Simplify&ref=Simplify>,May 24
D.E. Shaw,Software Developer Intern,<https://www.deshaw.com/careers/software-developer-intern-new-york-summer-2025-5137?utm_source=Simplify&ref=Simplify>,May 22
Cranium,AI/ML Engineer Intern,<https://www.linkedin.com/jobs/view/ai-ml-engineer-intern-summer-2025-at-cranium-3925803158/?utm_source=Simplify&ref=Simplify>,May 13
Epic,Software Developer Intern ,<https://epic.avature.net/Careers/FolderDetail/Verona-Wisconsin-United-States-Software-Developer-Intern-Summer-2025/25624?utm_source=Simplify&ref=Simplify>,May 03
